actors,description,director,duration,genre,original_title,score,title,year
"James Stewart, Grace Kelly, Wendell Corey","A cause d'une jambe cassée, le reporter-photographe L. B. Jeffries est contraint de rester chez lui dans un fauteuil roulant. Homme d'action et amateur d'aventure, il s'aperçoit qu'il peut tirer parti de son immobilité forcée en étudiant le comportement des habitants de l'immeuble qu'il occupe dans Greenwich Village. Et ses observations l'amènent à la conviction que Lars Thorwald, son voisin d'en face, a assassiné sa femme. Sa fiancée, Lisa Fremont, ne le prend tout d'abord pas au sérieux, ironisant sur l'excitation que lui procure sa surveillance, mais finit par se prendre au jeu...",John Michael Hayes,60,"Policier, Thriller",Rear Window,"3,9",Fenêtre sur cour,1954
"Matthew Modine, Arliss Howard, Vincent D'Onofrio","Pendant la guerre du Viêt Nam, la préparation et l'entrainement d'un groupe de jeunes marines, jusqu'au terrible baptême du feu et la sanglante offensive du Tết à Huế, en 1968.","Stanley Kubrick, Michael Herr",60,"Drame, Guerre",,"4,8",Full Metal Jacket,1987
"Michel Constantin, Jean Keraudy, Philippe Leroy","Accusé de tentative de meurtre sur sa femme, Claude Gaspard est enfermé à la prison de la Santé. Ses quatre compagnons de cellule lui font part de leur désir d'évasion et creusent, avec une énergie farouche, un tunnel qui les mènera à la liberté. Leur plan aboutira-t-il ?","Jean Aurel, Jacques Becker",120,"Drame, Thriller",,"4,4",Le Trou,1960
"Stéphane Bak, Shameik Moore, Jake Johnson","Spider-Man : New Generation suit les aventures de Miles Morales, un adolescent afro-américain et portoricain qui vit à Brooklyn et s’efforce de s’intégrer dans son nouveau collège à Manhattan. Mais la vie de Miles se complique quand il se fait mordre par une araignée radioactive et se découvre des super-pouvoirs : il est désormais capable d’empoisonner ses adversaires, de se camoufler, de coller littéralement aux murs et aux plafonds ; son ouïe est démultipliée... Dans le même temps, le plus redoutable cerveau criminel de la ville, le Caïd, a mis au point un accélérateur de particules nucléaires capable d’ouvrir un portail sur d’autres univers. Son invention va provoquer l’arrivée de plusieurs autres versions de Spider-Man dans le monde de Miles, dont un Peter Parker plus âgé, Spider-Gwen, Spider-Man Noir, Spider-Cochon et Peni Parker, venue d’un dessin animé japonais.","Phil Lord, Rodney Rothman",60,"Action, Animation, Famille",Spider-Man: Into the Spider-Verse,"4,2",Spider-Man : New Generation,2018
"Clint Eastwood, Bee Vang, Ahney Her","Walt Kowalski est un ancien de la guerre de Corée, un homme inflexible, amer et pétri de préjugés surannés. Après des années de travail à la chaîne, il vit replié sur lui-même, occupant ses journées à bricoler, traînasser et siroter des bières. Avant de mourir, sa femme exprima le voeu qu'il aille à confesse, mais Walt n'a rien à avouer, ni personne à qui parler. Hormis sa chienne Daisy, il ne fait confiance qu'à son M-1, toujours propre, toujours prêt à l'usage...","Nick Schenk, Dave Johannson",60,Drame,,"4,7",Gran Torino,2008
"Michael J. Fox, Christopher Lloyd, Lea Thompson","1985. Le jeune Marty McFly mène une existence anonyme auprès de sa petite amie Jennifer, seulement troublée par sa famille en crise et un proviseur qui serait ravi de l'expulser du lycée. Ami de l'excentrique professeur Emmett Brown, il l'accompagne un soir tester sa nouvelle expérience : le voyage dans le temps","Robert Zemeckis, Bob Gale",60,"Aventure, Comédie, Science Fiction",Back to the Future,"3,6",Retour vers le futur,1985
"Henry Fonda, Charles Bronson, Frank Wolff","Alors qu'il prépare une fête pour sa femme, Bet McBain est tué avec ses trois enfants. Jill McBain hérite alors des terres de son mari, terres que convoite Morton, le commanditaire du crime (celles-ci ont de la valeur maintenant que le chemin de fer doit y passer). Mais les soupçons se portent sur un aventurier, Cheyenne...","Sergio Donati, Sergio Leone",120,Western,Once Upon a Time in the West,"4,0",Il était une fois dans l'Ouest,1968
"Aki Asakura, Kengo Kora, Takeo Chii","Kaguya, « la princesse lumineuse », est un petit être découvert dans la tige d’un bambou par un vieux paysan. La considérant comme un don du ciel, il l’élève avec sa femme, et très vite l’enfant devient une magnifique jeune fille. De la campagne lointaine jusqu’à la grande capitale, sa fascinante beauté suscitera l’engouement auprès de tous ceux qui la rencontrent et elle sera convoitée par cinq nobles princes qui devront relever d’impossibles défis dans l’espoir d’obtenir sa main. Mais le temps venu, elle devra affronter son destin…","Isao Takahata, Riko Sakaguchi",120,"Animation, Drame, Famille, Fantastique",Kaguya-hime no monogatari,"4,5",Le Conte de la princesse Kaguya,2013
"Robert De Niro, James Woods, Elizabeth McGovern","A New York, à la fin de la prohibition, Noodles se réfugie dans une fumerie d'opium après un coup qui a mal tourné. Plus de trente ans plus tard, il est de retour en ville et se remémore son passé de gangster : de sa jeunesse de voyou dans les années 20, marquée par sa rencontre avec son ami Max et leurs nombreux trafics dans le ghetto juif de la ville, jusqu'à la période de prohibition où leur bande, liée par une profonde amitié, s'enrichit et marque son ascension dans la pègre grâce au commerce illégal d'alcool. Noodles se rappelle aussi de sa relation amoureuse échouée avec Deborah durant toute sa vie. Une oeuvre crépusculaire dense et sublime, ultime volet de la célèbre trilogie de Sergio Leone et dernier film incontournable du cinéaste dans sa version longue","Leonardo Benvenuti, Piero De Bernardi",180,"Policier, Drame",Once Upon a Time in America,"4,9",Il était une fois en Amérique,1984
"Viggo Mortensen, Mahershala Ali, Linda Cardellini","En 1962, alors que règne la ségrégation, Tony Lip, un videur italo-américain du Bronx, est engagé pour conduire et protéger le Dr Don Shirley, un pianiste noir de renommée mondiale, lors d’une tournée de concerts. Durant leur périple de Manhattan jusqu’au Sud profond, ils s’appuient sur le Green Book pour dénicher les établissements accueillant les personnes de couleur, où l’on ne refusera pas de servir Shirley et où il ne sera ni humilié ni maltraité.","Nick Vallelonga, Brian Hayes Currie",120,"Biopic, Drame",Green Book,"4,0",Green Book : Sur les routes du sud,2018
"Rami Malek, Gwilym Lee, Lucy Boynton","Bohemian Rhapsody retrace le destin extraordinaire du groupe Queen et de leur chanteur emblématique Freddie Mercury, qui a défié les stéréotypes, brisé les conventions et révolutionné la musique. Du succès fulgurant de Freddie Mercury à ses excès, risquant la quasi-implosion du groupe, jusqu’à son retour triomphal sur scène lors du concert Live Aid, alors qu’il était frappé par la maladie, découvrez la vie exceptionnelle d’un homme qui continue d’inspirer les outsiders, les rêveurs et tous ceux qui aiment la musique.",Anthony McCarten,120,"Biopic, Drame",,"3,0",Bohemian Rhapsody,2018
"Takashi Shimura, Shin'ichi Himori, Haruo Tanaka","Atteint d'un cancer, Watanabe, chef de service du génie civil, décide de réaliser le projet qu'il avait tout d'abord repoussé, celui d'assainir un terrain vague du quartier de Hureocho pour que les enfants puissent jouer dans un véritable jardin.","Akira Kurosawa, Hideo Oguni",120,Drame,Ikiru,"4,3",Vivre,1952
"Mark Hamill, Harrison Ford, Carrie Fisher","Malgré la destruction de l'Etoile Noire, l'Empire maintient son emprise sur la galaxie, et poursuit sans relâche sa lutte contre l'Alliance rebelle. Basés sur la planète glacée de Hoth, les rebelles essuient un assaut des troupes impériales. Parvenus à s'échapper, la princesse Leia, Han Solo, Chewbacca et C-3P0 se dirigent vers Bespin, la cité des nuages gouvernée par Lando Calrissian, ancien compagnon de Han. Suivant les instructions d'Obi-Wan Kenobi, Luke Skywalker se rend quant à lui vers le système de Dagobah, planète marécageuse où il doit recevoir l'enseignement du dernier maître Jedi, Yoda. Apprenant l'arrestation de ses compagnons par les","Leigh Brackett, Lawrence Kasdan",120,"Aventure, Science Fiction",Star Wars: Episode V - The Empire Strikes Back,"5,0",Star Wars : Episode V - L'Empire contre-attaque,1980
"Kirk Douglas, Ralph Meeker, Adolphe Menjou","En 1916, durant la Première Guerre mondiale, le général français Broulard ordonne au général Mireau de lancer une offensive suicidaire contre une position allemande imprenable, surnommée ""La fourmilière"". Au moment de l'attaque, les soldats tombent par dizaines et leurs compagnons, épuisés, refusent d'avancer...","Stanley Kubrick, Jim Thompson",60,"Drame, Guerre",Paths of Glory,"4,6",Les Sentiers de la gloire,1957
"Harrison Ford, Sean Connery, Denholm Elliott","L'archéologue aventurier Indiana Jones se retrouve aux prises avec un maléfique milliardaire. Aux côtés de la cupide Elsa et de son père, il part à la recherche du Graal.","George Lucas, Menno Meyjes",120,"Action, Aventure",Indiana Jones and the Last Crusade,"4,4",Indiana Jones et la Dernière Croisade,1989
"Ryan O'Neal, Marisa Berenson, Patrick Magee","Au XVIIIe siècle en Irlande, à la mort de son père, le jeune Redmond Barry ambitionne de monter dans l'échelle sociale. Il élimine en duel son rival,un officier britannique amoureux de sa cousine mais est ensuite contraint à l'exil. Il s'engage dans l'armée britannique et part combattre sur le continent européen. Il déserte bientôt et rejoint l'armée prussienne des soldats de Frederic II afin d'échapper à la peine de mort. Envoyé en mission, il doit espionner un noble joueur, mène un double-jeu et se retrouve sous la protection de ce dernier. Introduit dans la haute société européenne, il parvient à devenir l'amant d'une riche et magnifique jeune femme, Lady Lyndon. Prenant connaissance de l'adultère, son vieil époux sombre dans la dépression et meurt de dépit. Redmond Barry épouse Lady Lyndon et devient Barry Lyndon...",Stanley Kubrick,180,"Aventure, Drame",,"5,0",Barry Lyndon,1975
"Roberto Benigni, Horst Buchholz, Marisa Paredes","En 1938, Guido, jeune homme plein de gaieté, rêve d'ouvrir une librairie, malgré les tracasseries de l'administration fasciste. Il tombe amoureux de Dora, institutrice étouffée par le conformisme familial et l'enlève le jour de ses fiançailles avec un bureaucrate du régime. Cinq ans plus tard, Guido et Dora ont un fils: Giosue. Mais les lois raciales sont entrées en vigueur et Guido est juif. Il est alors déporté avec son fils. Par amour pour eux, Dora monte de son plein gré dans le train qui les emmène aux camps de la mort où Guido veut tout faire pour éviter l'horreur à son fils...","Roberto Benigni, Vincenzo Cerami",60,"Comédie, Comédie dramatique, Drame",La vita e bella,"3,7",La Vie est belle,1998
"Jack Nicholson, Jean-Louis Trintignant, Shelley Duvall","Écrivain, Jack Torrance est engagé comme gardien, pendant tout l’hiver, d’un grand hôtel isolé du Colorado – l’Overlook – où il espère surmonter enfin sa panne d’inspiration. Il s’y installe avec sa femme Wendy et son fils Danny, doté d’un don de médium. Tandis que Jack n’avance pas dans son livre et que son fils est de plus en plus hanté par des visions terrifiantes, il découvre les terribles secrets de l’hôtel et bascule peu à peu dans une forme de folie meurtrière où il s’en prend à sa propre famille…","Stanley Kubrick, Diane Johnson",120,"Epouvante-horreur, Thriller",The Shining,"4,0",Shining,1980
"Tom Hanks, Michael Clarke Duncan, David Morse","Paul Edgecomb, pensionnaire centenaire d'une maison de retraite, est hanté par ses souvenirs. Gardien-chef du pénitencier de Cold Mountain en 1935, il était chargé de veiller au bon déroulement des exécutions capitales en s’efforçant d'adoucir les derniers moments des condamnés. Parmi eux se trouvait un colosse du nom de John Coffey, accusé du viol et du meurtre de deux fillettes. Intrigué par cet homme candide et timide aux dons magiques, Edgecomb va tisser avec lui des liens très forts.",Frank Darabont,180,"Policier, Drame, Fantastique",The Green Mile,"2,8",La Ligne verte,1999
"Marlon Brando, Al Pacino, James Caan","En 1945, à New York, les Corleone sont une des cinq familles de la mafia. Don Vito Corleone, ""parrain"" de cette famille, marie sa fille à un bookmaker. Sollozzo, "" parrain "" de la famille Tattaglia, propose à Don Vito une association dans le trafic de drogue, mais celui-ci refuse. Sonny, un de ses fils, y est quant à lui favorable.","Francis Ford Coppola, Mario Puzo",120,"Policier, Drame",The Godfather,"4,6",Le Parrain,1972
"Emmanuel Curtil, Matthew Broderick, Dimitri Rougeul","Sur les Hautes terres d’Afrique règne un lion tout-puissant, le roi Mufasa, que tous les hôtes de la jungle respectent et admirent pour sa sagesse et sa générosité. Son jeune fils Simba sait qu’un jour il lui succédera, conformément aux lois universelles du cycle de la vie, mais il est loin de deviner les épreuves et les sacrifices que lui imposera l’exercice du pouvoir. Espiègle, naïf et turbulent, le lionceau passe le plus clair de son temps à jouer avec sa petite copine Nala et à taquiner Zazu, son digne précepteur. Son futur royaume lui apparaît en songe comme un lieu enchanté où il fera bon vivre, s’amuser et donner des ordres. Cependant, l’univers de Simba n’est pas aussi sûr qu’il le croie. Scar, le frère de Mufasa, aspire en effet depuis toujours au trône. Maladivement jaloux de son aîné, il intrigue pour l’éliminer en même temps que son successeur. Misant sur la curiosité enfantine et le tempérament aventureux de Simba, il révèle à celui-ci l’existence d’un mystérieux et dangereux cimetière d’éléphants. Simba, oubliant les avertissements répétés de son père, s’y rend aussitôt en secret avec Nala et se fait attaquer par 3 hyènes féroces. Par chance, Mufasa arrive à temps pour sauver l’imprudent lionceau et sa petite compagne. Mais Scar ne renonce pas à ses sinistres projets. Aidé des 3 hyènes, il attire Simba dans un ravin et lance à sa poursuite un troupeau de gnous. N’écoutant que son courage, Mufasa sauve à nouveau son fils et tente de se mettre à l’abri en gravissant la falaise. Repoussé par son frère félon, il périt sous les sabots des gnous affolés. Scar blâme alors l’innocent Simba pour la mort du Roi et le persuade de quitter pour toujours les Hautes terres. Simba se retrouve pour la première fois seul et démuni face à un monde hostile. C’est alors que le destin place sur sa route un curieux tandem d’amis...","Jim Capobianco, Irene Mecchi",60,"Aventure, Animation, Famille, Comédie musicale",The Lion King,"3,4",Le Roi Lion,1994
"Henry Fonda, Martin Balsam, John Fiedler","Un jeune homme d'origine modeste est accusé du meurtre de son père et risque la peine de mort. Le jury composé de douze hommes se retire pour délibérer et procède immédiatement à un vote : onze votent coupable, or la décision doit être prise à l'unanimité. Le juré qui a voté non-coupable, sommé de se justifier, explique qu'il a un doute et que la vie d'un homme mérite quelques heures de discussion. Il s'emploie alors à les convaincre un par un.",Reginald Rose,60,"Drame, Judiciaire",Twelve Angry Men,"5,0",12 hommes en colère,1957
"Liam Neeson, Ben Kingsley, Ralph Fiennes","Evocation des années de guerre d'Oskar Schindler, fils d'industriel d'origine autrichienne rentré à Cracovie en 1939 avec les troupes allemandes. Il va, tout au long de la guerre, protéger des juifs en les faisant travailler dans sa fabrique et en 1944 sauver huit cents hommes et trois cents femmes du camp d'extermination de Auschwitz-Birkenau.",Steven Zaillian,180,"Biopic, Drame, Historique",Schindler's List,"4,2",La Liste de Schindler,1993
"Tom Hanks, Gary Sinise, Robin Wright","Quelques décennies d'histoire américaine, des années 1940 à la fin du XXème siècle, à travers le regard et l'étrange odyssée d'un homme simple et pur, Forrest Gump.",Eric Roth,120,"Comédie, Drame, Romance",,"2,6",Forrest Gump,1994
"Tim Robbins, Morgan Freeman, Bob Gunton","Red, condamné à perpétuité, et Andy Dufresne, un gentil banquier injustement condamné pour meurtre, se lient d'une amitié inattendue qui va durer plus de vingt ans. Ensemble, ils découvrent l'espoir comme l'ultime moyen de survie. Sous des conditions terrifiantes et la menace omniprésente de la violence, les deux condamnés à perpétuité récupèrent leurs âmes et retrouvent la liberté dans leurs cœurs.","Frank Darabont, Stephen King",120,Drame,The Shawshank Redemption,"3,2",Les Evadés,1994
"Sergey Bondarchuk, Lyudmila Savelyeva, Vyacheslav Tikhonov",L'histoire se déroule entre 1805 et 1820.,"Sergey Bondarchuk, Vasiliy Solovyov",420,"Drame, Historique, Romance, Guerre",Voyna i mir,"4,4",Guerre et Paix,1966
"Sean Astin, Elijah Wood, Viggo Mortensen","Les armées de Sauron ont attaqué Minas Tirith, la capitale de Gondor. Jamais ce royaume autrefois puissant n'a eu autant besoin de son roi. Mais Aragorn trouvera-t-il en lui la volonté d'accomplir sa destinée ?","Peter Jackson, Philippa Boyens",180,"Aventure, Fantastique",The Lord of the Rings: The Return of the King,"3,8",Le Seigneur des anneaux : le retour du roi,2003
"Jack Nicholson, Louise Fletcher, William Redfield","Adapté du best-seller éponyme de Ken Kesey, Vol au-dessus d'un nid de coucou décrit, avec une précision quasiment documentaire, les traitements infligés aux patients dans les années 1960 : médicaments surdosés, douches glacées, électrochocs ou encore lobotomie. Mais ce pamphlet contre le fonctionnement des hôpitaux psychiatriques questionne aussi le sens de la révolte : pourquoi doit-on résister ? Jusqu'où peut-on s'opposer ? Où se situe la frontière entre l'héroïsme et la folie ? D'un côté, convaincue de faire le bien, miss Ratched applique les règles aveuglément et infantilise ses patients. De l'autre, McMurphy se bat pour leur rendre leur dignité quitte à défier les lois d'un système répressif et inhumain. Louise Fletcher et Jack Nicholson, tous deux oscarisés pour leur performance exceptionnelle, personnifient la confrontation entre l'individu et l'institution, placée au cœur d'une œuvre intense dont on ne sort pas indemne. Magistralement mis en scène par Milos Forman, un grand film, qui a marqué toute une génération.","Bo Goldman, Lawrence Hauben",120,Drame,One Flew Over the Cuckoo's Nest,"5,0",Vol au-dessus d'un nid de coucou,1975
"Leonardo DiCaprio, Kate Winslet, Billy Zane","Southampton, 10 avril 1912. Le paquebot le plus grand et le plus moderne du monde, réputé pour son insubmersibilité, le ""Titanic"", appareille pour son premier voyage. Quatre jours plus tard, il heurte un iceberg. A son bord, un artiste pauvre et une grande bourgeoise tombent amoureux.",James Cameron,180,"Drame, Romance",,"4,9",Titanic,1997
"Adrien Brody, Thomas Kretschmann, Emilia Fox","Durant la Seconde Guerre mondiale, Wladyslaw Szpilman, un célèbre pianiste juif polonais, échappe à la déportation mais se retrouve parqué dans le ghetto de Varsovie dont il partage les souffrances, les humiliations et les luttes héroïques. Il parvient à s'en échapper et se réfugie dans les ruines de la capitale. Un officier allemand, qui apprécie sa musique, l'aide et lui permet de survivre. Né en Pologne en 1911, Wladyslaw Szpilman devient un pianiste et compositeur célèbre. Il est engagé en 1935 par la radio d'Etat polonaise mais est victime comme les autres Juifs de Pologne de l'antisémitisme nazi à partir de l'invasion nazie en septembre 1939. Il échappe à la mort grâce à l'aide d'un officier allemand. En 1946, le pianiste virtuose publie ses mémoires sous le titre Mort de la ville.","Ronald Harwood, Roman Polanski",120,"Drame, Historique",The Pianist,"4,1",Le Pianiste,2002
"Élodie Bouchez, Adèle Exarchopoulos, Leïla Bekhti","Depuis 2014, en France, la Justice Restaurative propose à des personnes victimes et auteurs d’infraction de dialoguer dans des dispositifs sécurisés, encadrés par des professionnels et des bénévoles comme Judith, Fanny ou Michel.",Jeanne Herry,60,Drame,,"4,1",Je verrai toujours vos visages,2023
"Hugh Jackman, Jake Gyllenhaal, Viola Davis","Dans la banlieue de Boston, deux fillettes de 6 ans, Anna et Joy, ont disparu. Le détective Loki privilégie la thèse du kidnapping suite au témoignage de Keller, le père d’Anna. Le suspect numéro 1 est rapidement arrêté mais est relâché quelques jours plus tard faute de preuve, entrainant la fureur de Keller. Aveuglé par sa douleur, le père dévasté se lance alors dans une course contre la montre pour retrouver les enfants disparus. De son côté, Loki essaie de trouver des indices pour arrêter le coupable avant que Keller ne commette l’irréparable… Les jours passent et les chances de retrouver les fillettes s’amenuisent…",Aaron Guzikowski,120,Thriller,,"3,8",Prisoners,2013
"Billy Crudup, Billy Bob Thornton, Minnie Driver","Japon, XVe siècle. Jadis protégée par des animaux géants, la forêt se dépeuple à cause de l'homme. Blessé par un sanglier rendu fou par les démons, le jeune guerrier Ashitaka quitte les siens et part à la recherche du dieu-cerf qui seul pourra défaire le sortilège qui lui gangrène le bras. Au cours de son voyage, Ashitaka rencontre Lady Eboshi, à la tête d’une communauté de forgerons, qui doit se défendre contre ceux qui lui reprochent de détruire la forêt pour alimenter ses forges. Parmi ses pires ennemis se trouve San, une jeune fille sauvage élevée par des loups, aussi appelée ""Princesse Mononoké"", la princesse des spectres...",Hayao Miyazaki,120,"Aventure, Animation, Fantastique",Mononoke-Hime,"4,8",Princesse Mononoké,1997
"Anne Dorval, Antoine-Olivier Pilon, Suzanne Clément","Une veuve mono-parentale hérite de la garde de son fils, un adolescent TDAH impulsif et violent. Au coeur de leurs emportements et difficultés, ils tentent de joindre les deux bouts, notamment grâce à l’aide inattendue de l’énigmatique voisine d’en face, Kyla. Tous les trois, ils retrouvent une forme d’équilibre et, bientôt, d’espoir.",Xavier Dolan,120,Drame,,"4,3",Mommy,2014
"Bourvil, Louis de Funès, Claudio Brook","En 1942, un avion anglais est abattu par les Allemands au-dessus de Paris. Les trois pilotes sautent en parachute et atterrissent dans différents endroits de la capitale. Ils sont aidés par deux civils français, un chef d'orchestre et un peintre en bâtiment qui acceptent de les mener en zone libre; ils deviennent ainsi, malgré eux, acteurs de la Résistance.","Gérard Oury, Danièle Thompson",120,Comédie,,"3,8",La Grande Vadrouille,1966
"Charles Chaplin, Mack Swain, Tom Murray","1898, Nord-Ouest du Canada. Alors que des milliers d’aventuriers arpentent le Klondike en quête du métal précieux, Charlot est surpris par une tempête de neige. Il trouve refuge dans une cabane isolée et fait la rencontre de Big Jim McKay et du terrible Black Larsen…",Charles Chaplin,60,Comédie,The Gold Rush,"5,0",La Ruée vers l'or,1925
"Tatsuya Nakadai, Shima Iwashita, Akira Ishihama","Au XVIIe siècle, le Japon n'est plus en guerre et le pays est dirigé avec fermeté. Hanshirô Tsugumo, un rônin (samouraï errant) sans travail parmi tant d'autres, décide de frapper à la porte du puissant clan des Ii. Reçu par Kageyu Saitô, l'intendant du clan, il lui demande la permission d'accomplir le suicide par harakiri dans la résidence. Tentant de l'en dissuader, Saitô commence alors à lui raconter l'histoire de Motome Chijiwa, un ancien rônin qui souhaitait accomplir, lui aussi, le même rituel.",Shinobu Hashimoto,120,Drame,Seppuku,"4,6",Harakiri,1962
"Andrew Garfield, Vince Vaughn, Teresa Palmer","Quand la Seconde Guerre mondiale a éclaté, Desmond, un jeune américain, s’est retrouvé confronté à un dilemme : comme n’importe lequel de ses compatriotes, il voulait servir son pays, mais la violence était incompatible avec ses croyances et ses principes moraux. Il s’opposait ne serait-ce qu’à tenir une arme et refusait d’autant plus de tuer.","Robert Schenkkan, Andrew Knight",120,"Biopic, Drame, Guerre",Hacksaw Ridge,"3,0",Tu ne tueras point,2016
"Robert De Niro, Christopher Walken, Meryl Streep","1968. Mike, Steven, Nick, Stan et Axel travaillent dans l’aciérie du bourg de Clairton, Pennsylvanie, et forment une bande très liée. À Clairton, les histoires de coeur vont bon train : Steven épouse Angela, bien qu’elle soit enceinte d’un autre, et Nick flirte avec Linda qui semble troubler Mike. Mais cette tranquilité est rattrapée par la guerre du Vietnam lorsque Mike, Steven et Nick sont mobilisés pour partir au combat…","Louis Garfinkle, Quinn Redeker",180,"Drame, Guerre",The Deer Hunter,"4,7",Voyage au bout de l'enfer,1978
"Kumiko Aso, Megumi Hayashibara, Takuma Hiraoka","Hana et ses deux enfants, Ame et Yuki, vivent discrètement dans un coin tranquille de la ville. Leur vie est simple et joyeuse, mais ils cachent un secret : leur père est un homme-loup. Quand celui-ci disparaît brutalement, Hana décide de quitter la ville pour élever ses enfants à l'abri des regards. Ils emménagent dans un village proche d'une forêt luxuriante…","Mamoru Hosoda, Satoko Okudera",60,"Animation, Fantastique",Okami kodomo no ame to yuki,"4,1","Les Enfants Loups, Ame & Yuki",2012
"Kinuyo Tanaka, Yoshiaki Hanayagi, Kyôko Kagawa","XIe siècle. Un gouverneur de province est exilé pour avoir pris le parti des paysans contre l’avis d’un chef militaire. Contraints de reprendre la route de son village natal, sa femme Nakagimi et ses enfants Anju et Zushio sont kidnappés par des bandits de grand chemin. Nakagimi est déportée sur une île, tandis que les enfants sont vendus comme esclaves à l’intendant Sansho, un propriétaire cruel.","Yoshikata Yoda, Fuji Yahiro",120,Drame,Sanshô dayû,"5,0",L'Intendant Sansho,1954
"Pernilla Allwin, Bertil Guve, Kristina Adolphson","Dans cette nouvelle demeure, il règne une atmosphère sévère et ascétique. Fanny et Alexandre sont soumis à son autorité stricte et impitoyable. Edvard Vergerus est sec de cœur, aveuglé par ses principes, et par conséquent incapable d’empathie… Quel va être leur quotidien; quel drame va-t-il se dénouer ?",Ingmar Bergman,120,Drame,Fanny och Alexander - Part II,"4,4",Fanny et Alexandre - Partie 2,1982
"Joaquin Phoenix, Robert De Niro, Zazie Beetz","Le film, qui relate une histoire originale inédite sur grand écran, se focalise sur la figure emblématique de l’ennemi juré de Batman. Il brosse le portrait d’Arthur Fleck, un homme sans concession méprisé par la société.","Todd Phillips, Scott Silver",120,Drame,,"4,1",Joker,2019
"Martin Sheen, Frederic Forrest, Robert Duvall","Cloîtré dans une chambre d'hôtel de Saïgon, le jeune capitaine Willard, mal rasé et imbibé d'alcool, est sorti de sa prostration par une convocation de l'état-major américain. Le général Corman lui confie une mission qui doit rester secrète : éliminer le colonel Kurtz, un militaire aux méthodes quelque peu expéditives et qui sévit au-delà de la frontière cambodgienne.","Francis Ford Coppola, John Milius",180,"Drame, Guerre",Apocalypse Now,"4,8",Apocalypse Now Final Cut,1979
"Mark Hamill, Harrison Ford, Carrie Fisher","L'Empire galactique est plus puissant que jamais : la construction de la nouvelle arme, l'Etoile de la Mort, menace l'univers tout entier... Arrêté après la trahison de Lando Calrissian, Han Solo est remis à l'ignoble contrebandier Jabba Le Hutt par le chasseur de primes Boba Fett. Après l'échec d'une première tentative d'évasion menée par la princesse Leia, également arrêtée par Jabba, Luke Skywalker et Lando parviennent à libérer leurs amis.","George Lucas, Lawrence Kasdan",120,"Aventure, Science Fiction",Star Wars: Episode VI - Return of the Jedi,"3,0",Star Wars : Episode VI - Le Retour du Jedi,1983
"Dev Patel, Rooney Mara, Nicole Kidman","Une incroyable histoire vraie : à 5 ans, Saroo se retrouve seul dans un train traversant l’Inde qui l’emmène malgré lui à des milliers de kilomètres de sa famille. Perdu, le petit garçon doit apprendre à survivre seul dans l’immense ville de Calcutta. Après des mois d’errance, il est recueilli dans un orphelinat et adopté par un couple d’Australiens.",Luke Davies,60,"Biopic, Drame",,"3,1",Lion,2016
"James Stewart, Kim Novak, Barbara Bel Geddes","Scottie est sujet au vertige, ce qui lui porte préjudice dans son métier de policier. Rendu responsable de la mort d'un de ses collègues, il décide de quitter la police. Une ancienne relation le contacte afin qu'il suive sa femme, possédée selon lui par l'esprit de son aïeule. Scottie s'éprend de la jeune femme et se trouve ballotté par des évènements qu'il ne peut contrôler.","Samuel A. Taylor, Alec Coppel",120,"Drame, Thriller",Vertigo,"3,8",Sueurs froides,1958
"Rumi Hiiragi, Miyu Irino, Mari Natsuki","Chihiro, une fillette de 10 ans, est en route vers sa nouvelle demeure en compagnie de ses parents. Au cours du voyage, la famille fait une halte dans un parc à thème qui leur paraît délabré. Lors de la visite, les parents s’arrêtent dans un des bâtiments pour déguster quelques mets très appétissants, apparus comme par enchantement. Hélas cette nourriture les transforme en porcs. Prise de panique, Chihiro s’enfuit et se retrouve seule dans cet univers fantasmagorique ; elle rencontre alors l’énigmatique Haku, son seul allié dans cette terrible épreuve...",Hayao Miyazaki,120,"Aventure, Animation, Fantastique",Sen to Chihiro no Kamikakushi,"4,8",Le Voyage de Chihiro,2001
"Mark Hamill, Harrison Ford, Carrie Fisher","Il y a bien longtemps, dans une galaxie très lointaine... La guerre civile fait rage entre l'Empire galactique et l'Alliance rebelle. Capturée par les troupes de choc de l'Empereur menées par le sombre et impitoyable Dark Vador, la princesse Leia Organa dissimule les plans de l'Etoile Noire, une station spatiale invulnérable, à son droïde R2-D2 avec pour mission de les remettre au Jedi Obi-Wan Kenobi. Accompagné de son fidèle compagnon, le droïde de protocole C-3PO, R2-D2 s'échoue sur la planète Tatooine et termine sa quête chez le jeune Luke Skywalker. Rêvant de devenir pilote mais confiné aux travaux de la ferme, ce dernier se lance à la recherche de ce mystérieux Obi-Wan Kenobi, devenu ermite au coeur des montagnes désertiques de Tatooine...",George Lucas,120,"Aventure, Science Fiction",Star Wars: Episode IV - A New Hope,"4,8",Star Wars : Episode IV - Un nouvel espoir (La Guerre des étoiles),1977
"Edward Norton, Edward Furlong, Elliott Gould","A travers l'histoire d'une famille américaine, ce film tente d'expliquer l'origine du racisme et de l'extrémisme aux États-Unis. Il raconte l'histoire de Derek qui, voulant venger la mort de son père, abattu par un dealer noir, a épousé les thèses racistes d'un groupuscule de militants d'extrême droite et s'est mis au service de son leader, brutal théoricien prônant la suprématie de la race blanche. Ces théories le mèneront à commettre un double meurtre entrainant son jeune frère, Danny, dans la spirale de la haine.",David McKenna,60,"Policier, Drame",,"2,8",American History X,1998
"Brad Pitt, Morgan Freeman, Gwyneth Paltrow","Pour conclure sa carrière, l'inspecteur Somerset, vieux flic blasé, tombe à sept jours de la retraite sur un criminel peu ordinaire. John Doe, c'est ainsi que se fait appeler l'assassin, a decidé de nettoyer la societé des maux qui la rongent en commettant sept meurtres basés sur les sept pechés capitaux: la gourmandise, l'avarice, la paresse, l'orgueil, la luxure, l'envie et la colère.",Andrew Kevin Walker,120,"Policier, Drame, Thriller",Se7en,"3,6",Seven,1995
"Leonardo DiCaprio, Marion Cotillard, Elliot Page","Dom Cobb est un voleur expérimenté – le meilleur qui soit dans l’art périlleux de l’extraction : sa spécialité consiste à s’approprier les secrets les plus précieux d’un individu, enfouis au plus profond de son subconscient, pendant qu’il rêve et que son esprit est particulièrement vulnérable. Très recherché pour ses talents dans l’univers trouble de l’espionnage industriel, Cobb est aussi devenu un fugitif traqué dans le monde entier qui a perdu tout ce qui lui est cher. Mais une ultime mission pourrait lui permettre de retrouver sa vie d’avant – à condition qu’il puisse accomplir l’impossible : l’inception. Au lieu de subtiliser un rêve, Cobb et son équipe doivent faire l’inverse : implanter une idée dans l’esprit d’un individu. S’ils y parviennent, il pourrait s’agir du crime parfait. Et pourtant, aussi méthodiques et doués soient-ils, rien n’aurait pu préparer Cobb et ses partenaires à un ennemi redoutable qui semble avoir systématiquement un coup d’avance sur eux. Un ennemi dont seul Cobb aurait pu soupçonner l’existence.",Christopher Nolan,120,"Science Fiction, Thriller",,"4,1",Inception,2010
"Stéphane Bak, Shameik Moore, Shirine Boutella","Après avoir retrouvé Gwen Stacy, Spider-Man, le sympathique héros originaire de Brooklyn, est catapulté à travers le Multivers, où il rencontre une équipe de Spider-Héros chargée d'en protéger l'existence. Mais lorsque les héros s'opposent sur la façon de gérer une nouvelle menace, Miles se retrouve confronté à eux et doit redéfinir ce que signifie être un héros afin de sauver les personnes qu'il aime le plus.","Phil Lord, Christopher Miller",120,"Action, Aventure, Animation, Fantastique",Spider-Man: Across The Spider-Verse,"4,1",Spider-Man : Across The Spider-Verse,2023
"Harrison Ford, Karen Allen, Paul Freeman","1936. Parti à la recherche d'une idole sacrée en pleine jungle péruvienne, l'aventurier Indiana Jones échappe de justesse à une embuscade tendue par son plus coriace adversaire : le Français René Belloq.","Philip Kaufman, Lawrence Kasdan",60,"Action, Aventure",Raiders of the Lost Ark,"4,6",Les Aventuriers de l'Arche perdue,1981
"Andrea Santamaria, Anthony Gonzalez (VIII), Benjamin Bratt","Depuis déjà plusieurs générations, la musique est bannie dans la famille de Miguel. Un vrai déchirement pour le jeune garçon dont le rêve ultime est de devenir un musicien aussi accompli que son idole, Ernesto de la Cruz.","Adrian Molina, Matthew Aldrich",60,"Animation, Famille, Fantastique",,"4,1",Coco,2017
"Elijah Wood, Sean Astin, Viggo Mortensen","Après la mort de Boromir et la disparition de Gandalf, la Communauté s'est scindée en trois. Perdus dans les collines d'Emyn Muil, Frodon et Sam découvrent qu'ils sont suivis par Gollum, une créature versatile corrompue par l'Anneau. Celui-ci promet de conduire les Hobbits jusqu'à la Porte Noire du Mordor. A travers la Terre du Milieu, Aragorn, Legolas et Gimli font route vers le Rohan, le royaume assiégé de Theoden. Cet ancien grand roi, manipulé par l'espion de Saroumane, le sinistre Langue de Serpent, est désormais tombé sous la coupe du malfaisant Magicien. Eowyn, la nièce du Roi, reconnaît en Aragorn un meneur d'hommes. Entretemps, les Hobbits Merry et Pippin, prisonniers des Uruk-hai, se sont échappés et ont découvert dans la mystérieuse Forêt de Fangorn un allié inattendu : Sylvebarbe, gardien des arbres, représentant d'un ancien peuple végétal dont Saroumane a décimé la forêt...","Peter Jackson, Philippa Boyens",120,"Aventure, Fantastique",The Lord of the Rings: The Two Towers,"4,0",Le Seigneur des anneaux : les deux tours,2002
"Miles Teller, J.K. Simmons, Paul Reiser","Andrew, 19 ans, rêve de devenir l’un des meilleurs batteurs de jazz de sa génération. Mais la concurrence est rude au conservatoire de Manhattan où il s’entraîne avec acharnement. Il a pour objectif d’intégrer le fleuron des orchestres dirigé par Terence Fletcher, professeur féroce et intraitable. Lorsque celui-ci le repère enfin, Andrew se lance, sous sa direction, dans la quête de l’excellence...",Damien Chazelle,60,"Drame, Musical",,"4,1",Whiplash,2014
"Kinuyo Tanaka, Toshirô Mifune, Ichirô Sugai","Fille d’une bonne famille aristocratique, introduite à la cour impériale de Kyoto, O-Harru tombe amoureuse d’un homme d’une classe sociale inférieure. Dès lors, sa vie ne sera que tristesse et humiliation. Ce magnifique mélodrame est un portrait de femme bouleversant.","Kenji Mizoguchi, Yoshikata Yoda",120,Drame,Saikaku ichidai onna,"5,0","La Vie d'O'Haru, Femme Galante",1952
"Anthony Hopkins, Jodie Foster, Scott Glenn","Un psychopathe connu sous le nom de Buffalo Bill sème la terreur dans le Middle West en kidnappant et en assassinant de jeunes femmes. Clarice Starling, une jeune agent du FBI, est chargée d'interroger l'ex-psychiatre Hannibal Lecter. Psychopathe redoutablement intelligent et porté sur le cannibalisme, Lecter est capable de lui fournir des informations concernant Buffalo Bill ainsi que son portrait psychologique. Mais il n'accepte de l'aider qu'en échange d'informations sur la vie privée de la jeune femme. Entre eux s'établit un lien de fascination et de répulsion.",Ted Tally,60,"Policier, Drame, Thriller",The Silence of the Lambs,"4,8",Le Silence des agneaux,1991
"Jamie Foxx, Christoph Waltz, Leonardo DiCaprio","Dans le sud des États-Unis, deux ans avant la guerre de Sécession, le Dr King Schultz, un chasseur de primes allemand, fait l’acquisition de Django, un esclave qui peut l’aider à traquer les frères Brittle, les meurtriers qu’il recherche. Schultz promet à Django de lui rendre sa liberté lorsqu’il aura capturé les Brittle – morts ou vifs.",Quentin Tarantino,120,Western,,"4,6",Django Unchained,2012
"Al Pacino, Robert De Niro, Diane Keaton","Depuis la mort de Don Vito Corleone, son fils Michael règne sur la famille. Amené à négocier avec la mafia juive, il perd alors le soutien d'un de ses lieutenants, Frankie Pentageli. Echappant de justesse à un attentat, Michael tente de retrouver le coupable, soupçonnant Hyman Roth, le chef de la mafia juive.","Mario Puzo, Francis Ford Coppola",180,"Policier, Drame",The Godfather: Part II,"4,7","Le Parrain, 2e partie",1974
"Donnie Yen, Simon Yam, Siu-Wong Fan","Film biographique sur la vie de Ip Man, un maître de Kung-Fu spécialisé dans le style Wing Chun et qui fut le mâitre de Bruce Lee. Dans les années 30, Ip Man vit à Foshan dans le sud de la Chine, lors de l'occupation japonaise. Face à ses indéniables talents en matière d'arts martiaux, les japonais lui demandent d'entraîner les soldats, ce qu'il refuse catégoriquement. Il va alors devoir lutter pour sa survie.",Edmond Wong,60,"Action, Biopic, Arts Martiaux",Yip Man,"4,4",Ip Man,2008
"Brigitte Bardot, Paul Meurisse, Charles Vanel","Dominique comparaît aux assises pour le meurtre de son amant, Gilbert, fiancé de sa soeur Annie. Elle doit se battre contre l'avocat, qui tente de ternir, contre son gré, la mémoire de Gilbert, et contre le procureur, qui essaie de la faire passer pour un monstre sans coeur aux yeux du jury... .","Michèle Perrein, Jérôme Geronimi",120,Drame,,"4,9",La Vérité,1960
"J. Robert Spencer, Ayano Shiraishi, Veronica Taylor","Japon, été 1945. Après le bombardement de Kobé, Seita, un adolescent de quatorze ans et sa petite soeur de quatre ans, Setsuko, orphelins, vont s'installer chez leur tante à quelques dizaines de kilomètres de chez eux. Celle-ci leur fait comprendre qu'ils sont une gêne pour la famille et doivent mériter leur riz quotidien. Seita décide de partir avec sa petite soeur. Ils se réfugient dans un bunker désaffecté en pleine campagne et vivent des jours heureux illuminés par la présence de milliers de lucioles. Mais bientôt la nourriture commence cruellement à manquer.",Isao Takahata,60,"Animation, Drame, Guerre",Hotaru No Haka,"4,0",Le Tombeau des lucioles,1988
"Elijah Wood, Sean Astin, Ian McKellen","Dans ce chapitre de la trilogie, le jeune et timide Hobbit, Frodon Sacquet, hérite d'un anneau. Bien loin d'être une simple babiole, il s'agit de l'Anneau Unique, un instrument de pouvoir absolu qui permettrait à Sauron, le Seigneur des ténèbres, de régner sur la Terre du Milieu et de réduire en esclavage ses peuples. À moins que Frodon, aidé d'une Compagnie constituée de Hobbits, d'Hommes, d'un Magicien, d'un Nain, et d'un Elfe, ne parvienne à emporter l'Anneau à travers la Terre du Milieu jusqu'à la Crevasse du Destin, lieu où il a été forgé, et à le détruire pour toujours. Un tel périple signifie s'aventurer très loin en Mordor, les terres du Seigneur des ténèbres, où est rassemblée son armée d'Orques maléfiques... La Compagnie doit non seulement combattre les forces extérieures du mal mais aussi les dissensions internes et l'influence corruptrice qu'exerce l'Anneau lui-même.","Peter Jackson, Fran Walsh",120,"Aventure, Fantastique",The Lord of the Rings: The Fellowship of the Ring,"3,7",Le Seigneur des anneaux : la communauté de l'anneau,2001
"Yoann Borg, Ryûnosuke Kamiki, Alice Orsat","Mitsuha, adolescente coincée dans une famille traditionnelle, rêve de quitter ses montagnes natales pour découvrir la vie trépidante de Tokyo. Elle est loin d’imaginer pouvoir vivre l’aventure urbaine dans la peau de… Taki, un jeune lycéen vivant à Tokyo, occupé entre son petit boulot dans un restaurant italien et ses nombreux amis. À travers ses rêves, Mitsuha se voit littéralement propulsée dans la vie du jeune garçon au point qu’elle croit vivre la réalité... Tout bascule lorsqu’elle réalise que Taki rêve également d’une vie dans les montagnes, entouré d’une famille traditionnelle… dans la peau d’une jeune fille ! Une étrange relation s’installe entre leurs deux corps qu’ils accaparent mutuellement. Quel mystère se cache derrière ces rêves étranges qui unissent deux destinées que tout oppose et qui ne se sont jamais rencontrées ?",Makoto Shinkai,60,"Animation, Fantastique",Kimi no na wa.,"4,0",Your Name,2016
"Sigourney Weaver, Tom Skerritt, Veronica Cartwright","Le vaisseau commercial Nostromo et son équipage, sept hommes et femmes, rentrent sur Terre avec une importante cargaison de minerai. Mais lors d'un arrêt forcé sur une planète déserte, l'officier Kane se fait agresser par une forme de vie inconnue, une arachnide qui étouffe son visage.","Dan O'Bannon, Walter Hill",60,"Epouvante-horreur, Science Fiction",Alien,"4,4","Alien, le huitième passager",1979
"Johnny Depp, Winona Ryder, Dianne Wiest","Edward Scissorhands n'est pas un garçon ordinaire. Création d'un inventeur, il a reçu un cœur pour aimer, un cerveau pour comprendre. Mais son concepteur est mort avant d'avoir pu terminer son œuvre et Edward se retrouve avec des lames de métal et des instruments tranchants en guise de doigts.","Caroline Thompson, Tim Burton",60,"Drame, Fantastique, Romance",Edward Scissorhands,"4,4",Edward aux mains d'argent,1990
"Charles Chaplin, Jackie Coogan, Edna Purviance","Lâchée par son amant, une jeune femme abandonne son enfant. Charlot le vagabond le recueille. Mais les services sociaux s’en mêlent...",Charles Chaplin,0,Comédie,The Kid,"4,0",Le Kid,1921
"Russell Crowe, Joaquin Phoenix, Connie Nielsen","Le général romain Maximus est le plus fidèle soutien de l'empereur Marc Aurèle, qu'il a conduit de victoire en victoire avec une bravoure et un dévouement exemplaires. Jaloux du prestige de Maximus, et plus encore de l'amour que lui voue l'empereur, le fils de MarcAurèle, Commode, s'arroge brutalement le pouvoir, puis ordonne l'arrestation du général et son exécution. Maximus échappe à ses assassins mais ne peut empêcher le massacre de sa famille. Capturé par un marchand d'esclaves, il devient gladiateur et prépare sa vengeance.","John Logan, William Nicholson",120,"Action, Aventure, Historique",,"4,3",Gladiator,2000
"Keanu Reeves, Laurence Fishburne, Carrie-Anne Moss","Programmeur anonyme dans un service administratif le jour, Thomas Anderson devient Neo la nuit venue. Sous ce pseudonyme, il est l'un des pirates les plus recherchés du cyber-espace. A cheval entre deux mondes, Neo est assailli par d'étranges songes et des messages cryptés provenant d'un certain Morpheus. Celui-ci l'exhorte à aller au-delà des apparences et à trouver la réponse à la question qui hante constamment ses pensées : qu'est-ce que la Matrice ? Nul ne le sait, et aucun homme n'est encore parvenu à en percer les defenses. Mais Morpheus est persuadé que Neo est l'Elu, le libérateur mythique de l'humanité annoncé selon la prophétie. Ensemble, ils se lancent dans une lutte sans retour contre la Matrice et ses terribles agents...","Lilly Wachowski, Lana Wachowski",120,"Action, Science Fiction",The Matrix,"3,4",Matrix,1999
"Christian Bale, Philippe Valmont, Heath Ledger","Dans ce nouveau volet, Batman augmente les mises dans sa guerre contre le crime. Avec l'appui du lieutenant de police Jim Gordon et du procureur de Gotham, Harvey Dent, Batman vise à éradiquer le crime organisé qui pullule dans la ville. Leur association est très efficace mais elle sera bientôt bouleversée par le chaos déclenché par un criminel extraordinaire que les citoyens de Gotham connaissent sous le nom de Joker.","Jonathan Nolan, Christopher Nolan",120,"Action, Thriller",The Dark Knight,"4,0","The Dark Knight, Le Chevalier Noir",2008
"Jean-Philippe Puymartin, Tom Hanks, Richard Darbois","Les créateurs des très populaires films Toy Story ouvrent à nouveau le coffre à jouets et invitent les spectateurs à retrouver le monde délicieusement magique de Woody et Buzz au moment où Andy s'apprête à partir pour l'université. Délaissée, la plus célèbre bande de jouets se retrouve... à la crèche ! Les bambins déchaînés et leurs petits doigts capables de tout arracher sont une vraie menace pour nos amis ! Il devient urgent d'échafauder un plan pour leur échapper au plus vite. Quelques nouveaux venus vont se joindre à la Grande évasion, dont l'éternel séducteur et célibataire Ken, compagnon de Barbie, un hérisson comédien nommé Larosse, et un ours rose parfumé à la fraise appelé Lotso.",Michael Arndt,60,"Aventure, Animation, Comédie, Fantastique",,"4,7",Toy Story 3,2010
"Matthew McConaughey, Anne Hathaway, Michael Caine",Le film raconte les aventures d’un groupe d’explorateurs qui utilisent une faille récemment découverte dans l’espace-temps afin de repousser les limites humaines et partir à la conquête des distances astronomiques dans un voyage interstellaire.,"Jonathan Nolan, Christopher Nolan",120,"Drame, Science Fiction",,"3,8",Interstellar,2014
"Song Kang-Ho, Woo-sik Choi, Park So-Dam","Toute la famille de Ki-taek est au chômage, et s’intéresse fortement au train de vie de la richissime famille Park. Un jour, leur fils réussit à se faire recommander pour donner des cours particuliers d’anglais chez les Park. C’est le début d’un engrenage incontrôlable, dont personne ne sortira véritablement indemne...","Bong Joon Ho, Jin Won Han",120,"Drame, Thriller",Gisaengchung,"4,8",Parasite,2019
"Brad Pitt, Edward Norton, Helena Bonham Carter","Le narrateur, sans identité précise, vit seul, travaille seul, dort seul, mange seul ses plateaux-repas pour une personne comme beaucoup d'autres personnes seules qui connaissent la misère humaine, morale et sexuelle. C'est pourquoi il va devenir membre du Fight club, un lieu clandestin ou il va pouvoir retrouver sa virilité, l'échange et la communication. Ce club est dirigé par Tyler Durden, une sorte d'anarchiste entre gourou et philosophe qui prêche l'amour de son prochain.",Jim Uhls,120,"Drame, Thriller",,"2,7",Fight Club,1999
"Ben Burtt, Elissa Knight, Jeff Garlin","Faites la connaissance de WALL•E (prononcez ""Walli"") : WALL•E est le dernier être sur Terre et s'avère être un... petit robot ! 700 ans plus tôt, l'humanité a déserté notre planète laissant à cette incroyable petite machine le soin de nettoyer la Terre. Mais au bout de ces longues années, WALL•E a développé un petit défaut technique : une forte personnalité. Extrêmement curieux, très indiscret, il est surtout un peu trop seul...","Andrew Stanton, Pete Docter",60,"Aventure, Animation, Famille, Science Fiction",WALL•E,"4,6",Wall-E,2008
"Leonardo DiCaprio, Mark Ruffalo, Ben Kingsley","En 1954, le marshal Teddy Daniels et son coéquipier Chuck Aule sont envoyés enquêter sur l'île de Shutter Island, dans un hôpital psychiatrique où sont internés de dangereux criminels. L'une des patientes, Rachel Solando, a inexplicablement disparu. Comment la meurtrière a-t-elle pu sortir d'une cellule fermée de l'extérieur ? Le seul indice retrouvé dans la pièce est une feuille de papier sur laquelle on peut lire une suite de chiffres et de lettres sans signification apparente. Oeuvre cohérente d'une malade, ou cryptogramme ?",Laeta Kalogridis,120,Thriller,,"3,8",Shutter Island,2010
"John Travolta, Samuel L. Jackson, Uma Thurman",L'odyssée sanglante et burlesque de petits malfrats dans la jungle de Hollywood à travers trois histoires qui s'entremêlent.,"Quentin Tarantino, Roger Avary",120,"Policier, Drame",,"4,4",Pulp Fiction,1994
"Anthony Perkins, Janet Leigh, John Gavin","Marion Crane en a assez de ne pouvoir mener sa vie comme elle l'entend. Son travail ne la passionne plus, son amant ne peut l'épouser car il doit verser une énorme pension alimentaire le laissant sans le sou... Mais un beau jour, son patron lui demande de déposer 40 000 dollars à la banque. La tentation est trop grande, et Marion s'enfuit avec l'argent.",Joseph Stefano,60,"Epouvante-horreur, Thriller",Psycho,"4,5",Psychose,1960
"François Cluzet, Omar Sy, Anne Le Ny","A la suite d’un accident de parapente, Philippe, riche aristocrate, engage comme aide à domicile Driss, un jeune de banlieue tout juste sorti de prison. Bref la personne la moins adaptée pour le job. Ensemble ils vont faire cohabiter Vivaldi et Earth Wind and Fire, le verbe et la vanne, les costumes et les bas de survêtement... Deux univers vont se télescoper, s’apprivoiser, pour donner naissance à une amitié aussi dingue, drôle et forte qu’inattendue, une relation unique qui fera des étincelles et qui les rendra... Intouchables.","Eric Toledano, Olivier Nakache",60,"Biopic, Comédie, Drame",,"3,7",Intouchables,2011
"Ray Liotta, Robert De Niro, Joe Pesci","Depuis sa plus tendre enfance, Henry Hill, né d'un père irlandais et d'une mère sicilienne, veut devenir gangster et appartenir à la Mafia. Adolescent dans les années cinquante, il commence par travailler pour le compte de Paul Cicero et voue une grande admiration pour Jimmy Conway, qui a fait du détournement de camions sa grande spécialité. Lucide et ambitieux, il contribue au casse des entrepôts de l'aéroport d'Idlewild et épouse Karen, une jeune Juive qu'il trompe régulièrement. Mais son implication dans le trafic de drogue le fera plonger...","Nicholas Pileggi, Martin Scorsese",120,"Policier, Drame",Goodfellas,"5,0",Les Affranchis,1990
"Charles Chaplin, Jack Oakie, Paulette Goddard","À son retour de la guerre de 1914-1918, un petit barbier juif a perdu la mémoire. Après des années d’hôpital, il retrouve sa boutique dans le ghetto. Mais il découvre un monde en proie à la folie. Un dictateur hystérique, Adenoïd Hynkel, son parfait sosie, sème la terreur dans le pays. Avec l’aide de sa compagne Hannah, le barbier résiste aux SS qui menacent la petite communauté. Il se retrouve acteur malgré lui de cette tragique mascarade…",Charles Chaplin,120,Comédie,The Great Dictator,"5,0",Le Dictateur,1940
"Ryan Hurst, Tom Hanks, Tom Sizemore","Alors que les forces alliées débarquent à Omaha Beach, Miller doit conduire son escouade derrière les lignes ennemies pour une mission particulièrement dangereuse : trouver et ramener sain et sauf le simple soldat James Ryan, dont les trois frères sont morts au combat en l'espace de trois jours. Pendant que l'escouade progresse en territoire ennemi, les hommes de Miller se posent des questions. Faut-il risquer la vie de huit hommes pour en sauver un seul ?",Robert Rodat,120,"Drame, Guerre",Saving Private Ryan,"3,0",Il faut sauver le soldat Ryan,1998
"Clint Eastwood, Eli Wallach, Lee Van Cleef","Pendant la Guerre de Sécession, trois hommes, préférant s'intéresser à leur profit personnel, se lancent à la recherche d'un coffre contenant 200 000 dollars en pièces d'or volés à l'armée sudiste. Tuco sait que le trésor se trouve dans un cimetière, tandis que Joe connaît le nom inscrit sur la pierre tombale qui sert de cache. Chacun a besoin de l'autre. Mais un troisième homme entre dans la course : Setenza, une brute qui n'hésite pas à massacrer femmes et enfants pour parvenir à ses fins.","Luciano Vincenzoni, Furio Scarpelli",180,Western,"Il Buono, il brutto, il cattivo","4,1","Le Bon, la brute et le truand",1966
"Kevin Spacey, Chazz Palminteri, Gabriel Byrne","En pleine nuit, une explosion ravage un cargo amarré dans le port de Los Angeles. Deux hommes ont échappé à la mort : un matelot hongrois et ""Verbal"" Kint, un petit escroc infirme. Interrogé par l’agent des douanes, ce dernier assure qu’il ignore les circonstances du drame. En échange d’une impunité, il commence pourtant à raconter comment, six semaines plus tôt, à New York, soupçonné d’avoir participé à un vol, il a été convoqué par la police. À ses côtés, quatre autres suspects : Dean Keaton, ancien flic ripou reconverti dans la restauration, Todd Hockney, spécialiste des explosifs, Michael McManus, fin tireur aux réactions imprévisibles, et Fred Fenster, son acolyte. Tous ont passé la nuit dans la même cellule, et McManus leur a proposé un coup : faire main basse sur les émeraudes d’un trafiquant escorté par des policiers corrompus. Après un autre braquage, Kobayashi, l’avocat d’un certain Keyser Söze, leur confie une mission…",Christopher McQuarrie,60,"Policier, Thriller",The Usual Suspects,"4,6",Usual Suspects,1995
"Anthony Hopkins, John Hurt, Anne Bancroft","Londres, 1884. Le chirurgien Frederick Treves découvre un homme complètement défiguré et difforme, devenu une attraction de foire. John Merrick, "" le monstre "", doit son nom de Elephant Man au terrible accident que subit sa mère. Alors enceinte de quelques mois, elle est renversée par un éléphant. Impressionné par de telles difformités, le Dr. Treves achète Merrick, l'arrachant ainsi à la violence de son propriétaire, et à l'humiliation quotidienne d'être mis en spectacle. Le chirurgien pense alors que "" le monstre "" est un idiot congénital. Il découvre rapidement en Merrick un homme meurtri, intelligent et doté d'une grande sensibilité.","Christopher De Vore, David Lynch",120,"Biopic, Drame",The Elephant Man,"4,8",Elephant Man,1980
"Charles Chaplin, Paulette Goddard, Henry Bergman","Charlot est ouvrier dans une immense usine. Il resserre quotidiennement des boulons. Mais les machines, le travail à la chaîne le rendent malade, il abandonne son poste et recueille une orpheline…",Charles Chaplin,60,"Comédie, Comédie dramatique, Drame, Romance",Modern Times,"4,6",Les Temps modernes,1936
"Charles Chaplin, Virginia Cherrill, Harry Myers","Un vagabond s’éprend d’une belle et jeune vendeuse de fleurs aveugle qui vit avec sa mère, couverte de dettes. Suite à un quiproquo, la fleuriste s’imagine le misérable, qui vient de lui acheter une fleur, en milliardaire...","Harry Carr ( I ), Charles Chaplin",60,"Comédie dramatique, Romance",City Lights,"4,5",Les Lumières de la ville,1931
"Clint Eastwood, Morgan Freeman, Hilary Swank","Rejeté depuis longtemps par sa fille, l'entraîneur Frankie Dunn s'est replié sur lui-même et vit dans un désert affectif, en évitant toute relation qui pourrait accroître sa douleur et sa culpabilité.",Paul Haggis,120,Drame,,"4,9",Million Dollar Baby,2004
